pH,Temprature,Taste,Odor,Fat,Turbidity,Colour,Grade,CowRace
6.6,35,1,0,1,0,254,high,Holstein
6.6,36,0,1,0,1,253,high,Jersey
8.5,70,1,1,1,1,246,low,Normande
9.5,34,1,1,0,1,255,low,Normande
6.6,37,0,0,0,0,255,medium,Normande
6.6,37,1,1,1,1,255,high,Montbeliarde
5.5,45,1,0,1,1,250,low,Holstein
4.5,60,0,1,1,1,250,low,Normande
8.1,66,1,0,1,1,255,low,Normande
6.7,45,1,1,0,0,247,medium,Montbeliarde
6.7,45,1,1,1,0,245,medium,Holstein
5.6,50,0,1,1,1,255,low,Charolaise
8.6,55,0,1,1,1,255,low,Montbeliarde
7.4,90,1,0,1,1,255,low,Normande
6.8,45,0,1,1,1,255,high,Holstein
6.5,38,1,0,0,0,255,medium,Holstein
4.7,38,1,0,1,0,255,low,Charolaise
3.0,40,1,1,1,1,255,low,Jersey
9.0,43,1,0,1,1,250,low,Montbeliarde
6.8,40,1,0,1,0,245,medium,Normande
6.6,45,0,1,1,1,250,high,Holstein
6.5,36,0,0,1,0,255,medium,Montbeliarde
4.5,38,0,1,1,1,255,low,Jersey
6.6,45,1,1,1,1,245,high,Normande
6.8,35,1,0,1,0,246,medium,Montbeliarde
6.5,36,0,1,1,0,253,high,Holstein
8.5,70,0,0,0,0,246,low,Montbeliarde
6.6,34,0,0,0,1,240,medium,Normande
6.5,37,0,0,0,0,245,medium,Montbeliarde
6.6,37,1,0,1,0,255,high,Montbeliarde
6.4,45,0,1,0,0,240,medium,Charolaise
6.5,40,0,1,0,1,250,low,Charolaise
6.8,42,1,1,1,1,255,high,Holstein
6.7,41,1,0,0,0,247,medium,Montbeliarde
6.7,50,1,1,1,0,245,low,Montbeliarde
6.8,45,0,1,1,1,255,high,Jersey
8.6,55,0,1,0,0,255,low,Charolaise
7.4,65,0,0,0,0,255,low,Charolaise
6.8,41,0,0,0,0,255,medium,Holstein
6.5,38,1,1,1,1,255,high,Normande
6.8,38,0,0,0,0,255,medium,Charolaise
3.0,40,1,0,0,0,255,low,Holstein
9.0,43,1,1,1,1,248,low,Holstein
6.8,40,1,1,1,1,255,high,Montbeliarde
6.6,45,0,0,0,1,250,medium,Holstein
6.5,36,0,0,0,0,247,medium,Montbeliarde
6.6,38,0,0,0,0,255,medium,Normande
6.8,45,1,1,1,0,245,high,Charolaise
9.5,34,1,1,0,1,255,low,Charolaise
6.5,37,0,0,0,0,255,medium,Montbeliarde
6.6,37,1,1,1,1,255,high,Montbeliarde
5.5,45,1,0,1,1,250,low,Holstein
4.5,60,0,1,1,1,250,low,Normande
8.1,66,1,0,1,1,255,low,Holstein
6.7,45,1,1,0,0,247,medium,Normande
6.7,45,1,1,1,0,245,medium,Jersey
5.6,50,0,1,1,1,255,low,Holstein
8.6,55,0,1,1,1,255,low,Montbeliarde
7.4,90,1,0,1,1,255,low,Charolaise
6.8,45,0,0,1,0,255,medium,Montbeliarde
6.5,38,1,0,1,0,255,medium,Charolaise
6.7,38,1,0,1,0,255,high,Montbeliarde
3.0,40,1,1,1,1,255,low,Jersey
9.0,43,1,0,1,1,250,low,Jersey
8.6,55,0,1,1,1,255,low,Jersey
6.8,45,0,0,0,1,255,medium,Normande
6.8,45,0,1,1,1,255,high,Charolaise
6.5,38,1,0,0,0,255,medium,Normande
4.7,38,1,0,1,0,255,low,Montbeliarde
3.0,40,1,1,1,1,255,low,Normande
9.0,43,1,0,1,1,250,low,Normande
6.8,40,1,0,1,0,245,medium,Jersey
6.6,45,0,1,1,1,250,high,Charolaise
6.5,36,0,0,1,0,255,medium,Charolaise
4.5,38,0,1,1,1,255,low,Charolaise
6.8,45,1,1,1,1,245,high,Normande
6.5,35,1,0,1,0,246,medium,Montbeliarde
6.8,36,0,1,1,0,253,high,Montbeliarde
8.5,70,0,0,0,0,246,low,Jersey
6.8,34,0,0,0,1,240,medium,Jersey
6.5,37,0,0,0,0,245,medium,Charolaise
6.6,37,1,0,1,0,255,high,Charolaise
6.8,45,0,1,0,0,240,medium,Normande
7.4,65,0,0,0,0,255,low,Charolaise
6.8,41,0,0,1,0,255,medium,Holstein
6.5,38,1,1,1,1,255,high,Charolaise
6.6,38,0,0,0,0,255,medium,Normande
3.0,40,1,0,0,0,255,low,Holstein
9.0,43,1,1,1,1,248,low,Jersey
6.8,40,1,1,1,1,255,high,Montbeliarde
6.6,50,0,0,0,1,250,low,Charolaise
6.5,36,0,0,0,0,247,medium,Jersey
6.6,50,0,0,0,0,255,low,Holstein
6.8,45,1,1,1,0,245,high,Jersey
9.5,34,1,1,0,1,255,low,Montbeliarde
6.5,37,0,0,0,0,255,medium,Montbeliarde
9.5,34,1,1,0,1,255,low,Charolaise
6.5,37,0,0,0,0,255,medium,Montbeliarde
6.6,37,1,1,1,1,255,high,Montbeliarde
5.5,45,1,0,1,1,250,low,Montbeliarde
4.5,60,0,1,1,1,250,low,Normande
8.1,66,1,0,1,1,255,low,Normande
6.7,45,1,1,0,0,247,medium,Montbeliarde
6.7,45,1,1,1,0,245,medium,Holstein
5.6,50,0,1,1,1,255,low,Jersey
6.6,35,0,1,1,1,255,high,Holstein
7.4,90,1,0,1,1,255,low,Jersey
6.8,50,0,0,1,0,255,low,Charolaise
6.5,38,1,0,1,0,255,medium,Jersey
6.7,38,1,0,1,0,255,high,Jersey
3.0,40,1,1,1,1,255,low,Jersey
6.6,43,1,0,1,1,250,high,Charolaise
8.6,55,0,1,1,1,255,low,Montbeliarde
6.8,45,0,0,0,1,255,medium,Charolaise
6.8,45,0,1,1,1,255,high,Charolaise
6.5,38,1,0,0,0,255,medium,Normande
6.6,38,1,0,1,0,255,high,Montbeliarde
3.0,40,1,1,1,1,255,low,Jersey
9.0,43,1,0,1,1,250,low,Jersey
6.8,40,1,0,1,0,245,medium,Holstein
6.6,45,0,0,0,1,250,medium,Normande
6.5,36,0,0,1,0,255,medium,Montbeliarde
6.6,38,0,0,1,0,255,medium,Jersey
6.8,45,1,1,1,1,245,high,Montbeliarde
6.5,55,1,0,1,0,246,low,Montbeliarde
6.8,36,0,1,1,0,253,high,Normande
8.5,70,0,0,0,0,246,low,Montbeliarde
6.8,40,1,0,1,0,245,medium,Montbeliarde
6.6,45,0,1,1,1,250,high,Montbeliarde
6.5,36,0,0,1,0,255,medium,Charolaise
4.5,38,0,1,1,1,255,low,Charolaise
6.8,45,1,1,1,1,245,high,Charolaise
6.5,35,1,0,1,0,246,medium,Normande
6.8,36,0,1,1,0,253,high,Charolaise
8.5,70,0,0,0,0,246,low,Normande
6.8,34,0,0,0,1,240,medium,Montbeliarde
6.5,37,0,0,0,0,245,medium,Holstein
6.6,37,1,0,1,0,255,high,Montbeliarde
6.8,45,0,1,0,0,240,medium,Normande
7.4,65,0,0,0,0,255,low,Holstein
6.8,41,0,0,1,0,255,medium,Charolaise
6.5,38,1,1,1,1,255,high,Montbeliarde
6.6,38,0,0,0,0,255,medium,Normande
3.0,40,1,0,0,0,255,low,Jersey
9.0,43,1,1,1,1,248,low,Jersey
6.8,40,1,1,1,1,255,high,Normande
6.6,50,0,0,0,1,250,low,Montbeliarde
6.5,36,0,0,0,0,247,medium,Jersey
6.6,50,0,0,0,0,255,low,Normande
6.8,45,1,1,1,0,245,high,Normande
9.5,34,1,1,0,1,255,low,Holstein
6.5,37,0,0,0,0,255,medium,Holstein
9.5,34,1,1,0,1,255,low,Normande
6.5,37,0,0,0,0,255,medium,Holstein
6.6,37,1,1,1,1,255,high,Normande
5.5,45,1,0,1,1,250,low,Montbeliarde
4.5,60,0,1,1,1,250,low,Charolaise
8.1,66,1,0,1,1,255,low,Normande
6.7,45,1,1,0,0,247,medium,Jersey
6.7,45,1,1,1,0,245,medium,Charolaise
5.6,50,0,1,1,1,255,low,Normande
6.6,35,0,1,1,1,255,high,Charolaise
7.4,90,1,0,1,1,255,low,Holstein
6.8,50,0,0,1,0,255,low,Jersey
6.5,38,1,0,1,0,255,medium,Jersey
6.7,41,1,0,0,0,247,medium,Jersey
6.7,50,1,1,1,0,245,low,Jersey
6.8,45,0,1,1,1,255,high,Normande
8.6,55,0,1,0,0,255,low,Montbeliarde
7.4,65,0,0,0,0,255,low,Charolaise
6.8,41,0,0,0,0,255,medium,Montbeliarde
6.5,38,1,1,1,1,255,high,Normande
6.8,38,0,0,0,0,255,medium,Charolaise
3.0,40,1,0,0,0,255,low,Charolaise
9.0,43,1,1,1,1,248,low,Charolaise
6.8,40,1,1,1,1,255,high,Charolaise
6.6,45,0,0,0,1,250,medium,Normande
6.5,36,0,0,0,0,247,medium,Montbeliarde
6.6,38,0,0,0,0,255,medium,Jersey
6.8,45,1,1,1,0,245,high,Charolaise
9.5,34,1,1,0,1,255,low,Montbeliarde
6.5,37,0,0,0,0,255,medium,Jersey
6.6,37,1,1,1,1,255,high,Charolaise
5.5,45,1,0,1,1,250,low,Montbeliarde
4.5,60,0,1,1,1,250,low,Montbeliarde
8.1,66,1,0,1,1,255,low,Holstein
6.7,45,1,1,0,0,247,medium,Normande
6.7,45,1,1,1,0,245,medium,Normande
5.6,50,0,1,1,1,255,low,Jersey
8.6,55,0,1,1,1,255,low,Holstein
7.4,90,1,0,1,1,255,low,Normande
6.8,45,0,0,1,0,255,medium,Montbeliarde
6.5,38,1,0,1,0,255,medium,Holstein
6.7,38,1,0,1,0,255,high,Jersey
3.0,40,1,1,1,1,255,low,Montbeliarde
9.0,43,1,0,1,1,250,low,Holstein
8.6,55,0,1,1,1,255,low,Normande
6.8,45,0,0,0,1,255,medium,Holstein
6.8,45,0,1,1,1,255,high,Montbeliarde
6.5,38,1,0,0,0,255,medium,Holstein
4.7,38,1,0,1,0,255,low,Holstein
3.0,40,1,1,1,1,255,low,Montbeliarde
9.0,43,1,0,1,1,250,low,Normande
6.8,40,1,0,1,0,245,medium,Holstein
6.5,37,0,0,0,0,255,medium,Holstein
6.6,37,1,1,1,1,255,high,Charolaise
5.5,45,1,0,1,1,250,low,Charolaise
4.5,60,0,1,1,1,250,low,Charolaise
8.1,66,1,0,1,1,255,low,Jersey
6.7,45,1,1,0,0,247,medium,Normande
6.7,45,1,1,1,0,245,medium,Holstein
5.6,50,0,1,1,1,255,low,Holstein
8.6,55,0,1,1,1,255,low,Holstein
7.4,90,1,0,1,1,255,low,Normande
6.8,45,0,0,1,0,255,medium,Jersey
6.5,38,1,0,1,0,255,medium,Holstein
6.7,38,1,0,1,0,255,high,Jersey
3.0,40,1,1,1,1,255,low,Jersey
9.0,43,1,0,1,1,250,low,Jersey
8.6,55,0,1,1,1,255,low,Holstein
6.8,45,0,0,0,1,255,medium,Normande
6.8,45,0,1,1,1,255,high,Charolaise
6.5,38,1,0,0,0,255,medium,Montbeliarde
4.7,38,1,0,1,0,255,low,Charolaise
3.0,40,1,1,1,1,255,low,Normande
9.0,43,1,0,1,1,250,low,Charolaise
6.8,40,1,0,1,0,245,medium,Normande
6.6,45,0,1,1,1,250,high,Normande
6.5,36,0,0,1,0,255,medium,Montbeliarde
4.5,38,0,1,1,1,255,low,Jersey
6.8,45,1,1,1,1,245,high,Charolaise
6.5,35,1,0,1,0,246,medium,Montbeliarde
6.8,36,0,1,1,0,253,high,Normande
8.5,70,0,0,0,0,246,low,Normande
6.8,34,0,0,0,1,240,medium,Holstein
6.5,37,0,0,0,0,245,medium,Jersey
6.6,37,1,0,1,0,255,high,Charolaise
6.8,45,0,1,0,0,240,medium,Montbeliarde
7.4,65,0,0,0,0,255,low,Holstein
6.8,41,0,0,1,0,255,medium,Montbeliarde
6.5,38,1,1,1,1,255,high,Normande
6.6,38,0,0,0,0,255,medium,Charolaise
3.0,40,1,0,0,0,255,low,Holstein
9.0,43,1,1,1,1,248,low,Charolaise
6.5,38,1,0,1,0,255,medium,Normande
6.7,38,1,0,1,0,255,high,Montbeliarde
3.0,40,1,1,1,1,255,low,Charolaise
6.6,43,1,0,1,1,250,high,Jersey
8.6,55,0,1,1,1,255,low,Charolaise
6.8,45,0,0,0,1,255,medium,Holstein
6.8,45,0,1,1,1,255,high,Charolaise
6.5,38,1,0,0,0,255,medium,Charolaise
6.6,38,1,0,1,0,255,high,Montbeliarde
3.0,40,1,1,1,1,255,low,Montbeliarde
9.0,43,1,0,1,1,250,low,Charolaise
6.8,40,1,0,1,0,245,medium,Normande
6.6,45,0,0,0,1,250,medium,Jersey
6.5,36,0,0,1,0,255,medium,Jersey
6.6,38,0,0,1,0,255,medium,Charolaise
6.8,45,1,1,1,1,245,high,Holstein
6.5,55,1,0,1,0,246,low,Jersey
6.8,36,0,1,1,0,253,high,Charolaise
8.5,70,0,0,0,0,246,low,Jersey
6.8,40,1,0,1,0,245,medium,Montbeliarde
6.6,45,0,1,1,1,250,high,Normande
6.5,36,0,0,1,0,255,medium,Normande
4.5,38,0,1,1,1,255,low,Holstein
6.8,45,1,1,1,1,245,high,Holstein
6.5,35,1,0,1,0,246,medium,Charolaise
6.8,36,0,1,1,0,253,high,Montbeliarde
8.5,70,0,0,0,0,246,low,Jersey
6.8,34,0,0,0,1,240,medium,Holstein
9.0,43,1,1,1,1,248,low,Charolaise
6.8,40,1,1,1,1,255,high,Charolaise
6.6,50,0,0,0,1,250,low,Charolaise
6.5,36,0,0,0,0,247,medium,Montbeliarde
6.6,50,0,0,0,0,255,low,Charolaise
6.8,45,1,1,1,0,245,high,Charolaise
9.5,34,1,1,0,1,255,low,Charolaise
6.5,37,0,0,0,0,255,medium,Montbeliarde
9.5,34,1,1,0,1,255,low,Montbeliarde
6.5,37,0,0,0,0,255,medium,Montbeliarde
6.6,37,1,1,1,1,255,high,Normande
5.5,45,1,0,1,1,250,low,Montbeliarde
4.5,60,0,1,1,1,250,low,Jersey
8.1,66,1,0,1,1,255,low,Montbeliarde
6.7,45,1,1,0,0,247,medium,Charolaise
6.7,45,1,1,1,0,245,medium,Montbeliarde
5.6,50,0,1,1,1,255,low,Charolaise
6.6,35,0,1,1,1,255,high,Montbeliarde
7.4,90,1,0,1,1,255,low,Jersey
6.8,50,0,0,1,0,255,low,Holstein
6.5,38,1,0,1,0,255,medium,Charolaise
6.7,41,1,0,0,0,247,medium,Charolaise
6.7,50,1,1,1,0,245,low,Holstein
6.8,45,0,1,1,1,255,high,Jersey
8.6,55,0,1,0,0,255,low,Jersey
7.4,65,0,0,0,0,255,low,Normande
6.8,41,0,0,0,0,255,medium,Jersey
6.5,38,1,1,1,1,255,high,Charolaise
6.8,38,0,0,0,0,255,medium,Normande
3.0,40,1,0,0,0,255,low,Montbeliarde
9.0,43,1,1,1,1,248,low,Jersey
6.8,40,1,1,1,1,255,high,Holstein
6.6,45,0,0,0,1,250,medium,Jersey
6.5,36,0,0,0,0,247,medium,Normande
6.6,38,0,0,0,0,255,medium,Holstein
6.8,45,1,1,1,0,245,high,Holstein
9.5,34,1,1,0,1,255,low,Charolaise
6.5,37,0,0,0,0,255,medium,Holstein
6.6,37,1,1,1,1,255,high,Normande
5.5,45,1,0,1,1,250,low,Charolaise
4.5,60,0,1,1,1,250,low,Normande
8.1,66,1,0,1,1,255,low,Jersey
6.7,45,1,1,0,0,247,medium,Charolaise
6.7,45,1,1,1,0,245,medium,Jersey
5.6,50,0,1,1,1,255,low,Jersey
8.6,55,0,1,1,1,255,low,Montbeliarde
7.4,90,1,0,1,1,255,low,Jersey
6.8,45,0,0,1,0,255,medium,Holstein
6.5,38,1,0,1,0,255,medium,Montbeliarde
6.7,38,1,0,1,0,255,high,Charolaise
3.0,40,1,1,1,1,255,low,Holstein
9.0,43,1,0,1,1,250,low,Charolaise
8.6,55,0,1,1,1,255,low,Charolaise
6.8,45,0,0,0,1,255,medium,Normande
6.8,45,0,1,1,1,255,high,Holstein
6.5,38,1,0,0,0,255,medium,Jersey
4.7,38,1,0,1,0,255,low,Montbeliarde
3.0,40,1,1,1,1,255,low,Montbeliarde
9.0,43,1,0,1,1,250,low,Holstein
6.8,40,1,0,1,0,245,medium,Normande
6.5,37,0,0,0,0,255,medium,Holstein
6.6,37,1,1,1,1,255,high,Holstein
5.5,45,1,0,1,1,250,low,Jersey
4.5,60,0,1,1,1,250,low,Jersey
8.1,66,1,0,1,1,255,low,Holstein
6.7,45,1,1,0,0,247,medium,Montbeliarde
6.7,45,1,1,1,0,245,medium,Montbeliarde
5.6,50,0,1,1,1,255,low,Jersey
8.6,55,0,1,1,1,255,low,Normande
7.4,90,1,0,1,1,255,low,Montbeliarde
6.8,45,0,0,1,0,255,medium,Normande
6.5,38,1,0,1,0,255,medium,Charolaise
6.7,38,1,0,1,0,255,high,Holstein
3.0,40,1,1,1,1,255,low,Jersey
9.0,43,1,0,1,1,250,low,Normande
8.6,55,0,1,1,1,255,low,Jersey
6.8,45,0,0,0,1,255,medium,Montbeliarde
6.8,45,0,1,1,1,255,high,Charolaise
6.5,38,1,0,0,0,255,medium,Montbeliarde
4.7,38,1,0,1,0,255,low,Charolaise
3.0,40,1,1,1,1,255,low,Normande
9.0,43,1,0,1,1,250,low,Normande
6.8,40,1,0,1,0,245,medium,Charolaise
6.6,45,0,1,1,1,250,high,Normande
6.5,36,0,0,1,0,255,medium,Charolaise
4.5,38,0,1,1,1,255,low,Holstein
6.8,45,1,1,1,1,245,high,Jersey
6.5,35,1,0,1,0,246,medium,Holstein
6.8,36,0,1,1,0,253,high,Montbeliarde
8.5,70,0,0,0,0,246,low,Montbeliarde
6.8,34,0,0,0,1,240,medium,Charolaise
6.5,37,0,0,0,0,245,medium,Charolaise
6.6,37,1,0,1,0,255,high,Normande
6.8,45,0,1,0,0,240,medium,Jersey
7.4,65,0,0,0,0,255,low,Normande
6.8,41,0,0,1,0,255,medium,Holstein
6.5,38,1,1,1,1,255,high,Jersey
6.6,38,0,0,0,0,255,medium,Montbeliarde
3.0,40,1,0,0,0,255,low,Charolaise
9.0,43,1,1,1,1,248,low,Montbeliarde
6.5,38,1,0,1,0,255,medium,Holstein
6.7,38,1,0,1,0,255,high,Montbeliarde
3.0,40,1,1,1,1,255,low,Jersey
6.6,43,1,0,1,1,250,high,Normande
8.6,55,0,1,1,1,255,low,Jersey
6.8,45,0,0,0,1,255,medium,Normande
6.8,45,0,1,1,1,255,high,Holstein
6.5,38,1,0,0,0,255,medium,Charolaise
6.6,38,1,0,1,0,255,high,Normande
3.0,40,1,1,1,1,255,low,Normande
9.0,43,1,0,1,1,250,low,Holstein
6.8,40,1,0,1,0,245,medium,Normande
6.6,45,0,0,0,1,250,medium,Holstein
6.5,36,0,0,1,0,255,medium,Jersey
6.8,45,0,1,1,1,255,high,Montbeliarde
6.5,38,1,0,0,0,255,medium,Holstein
4.7,38,1,0,1,0,255,low,Charolaise
3.0,40,1,1,1,1,255,low,Holstein
9.0,43,1,0,1,1,250,low,Jersey
6.8,40,1,0,1,0,245,medium,Montbeliarde
6.6,45,0,1,1,1,250,high,Normande
6.5,36,0,0,1,0,255,medium,Jersey
4.5,38,0,1,1,1,255,low,Charolaise
6.8,45,1,1,1,1,245,high,Charolaise
6.5,35,1,0,1,0,246,medium,Holstein
6.8,36,0,1,1,0,253,high,Montbeliarde
8.5,70,0,0,0,0,246,low,Charolaise
6.8,34,0,0,0,1,240,medium,Holstein
6.5,37,0,0,0,0,245,medium,Normande
6.6,37,1,0,1,0,255,high,Montbeliarde
6.8,45,0,1,0,0,240,medium,Jersey
7.4,65,0,0,0,0,255,low,Jersey
6.8,41,0,0,1,0,255,medium,Jersey
6.5,38,1,1,1,1,255,high,Holstein
6.6,38,0,0,0,0,255,medium,Normande
3.0,40,1,0,0,0,255,low,Jersey
9.0,43,1,1,1,1,248,low,Jersey
6.8,40,1,1,1,1,255,high,Holstein
6.6,50,0,0,0,1,250,low,Charolaise
6.5,36,0,0,0,0,247,medium,Charolaise
6.6,50,0,0,0,0,255,low,Montbeliarde
6.8,45,1,1,1,0,245,high,Charolaise
9.5,34,1,1,0,1,255,low,Charolaise
6.5,37,0,0,0,0,255,medium,Montbeliarde
9.5,34,1,1,0,1,255,low,Holstein
6.5,37,0,0,0,0,255,medium,Charolaise
6.6,37,1,1,1,1,255,high,Jersey
5.5,45,1,0,1,1,250,low,Charolaise
4.5,60,0,1,1,1,250,low,Jersey
8.1,66,1,0,1,1,255,low,Montbeliarde
6.7,45,1,1,0,0,247,medium,Charolaise
6.7,45,1,1,1,0,245,medium,Normande
5.6,50,0,1,1,1,255,low,Normande
6.6,35,0,1,1,1,255,high,Holstein
7.4,90,1,0,1,1,255,low,Jersey
6.8,50,0,0,1,0,255,low,Jersey
6.5,38,1,0,1,0,255,medium,Jersey
6.7,38,1,0,1,0,255,high,Holstein
3.0,40,1,1,1,1,255,low,Holstein
6.6,43,1,0,1,1,250,high,Charolaise
8.6,55,0,1,1,1,255,low,Montbeliarde
6.8,45,0,0,0,1,255,medium,Normande
6.8,45,0,1,1,1,255,high,Montbeliarde
6.5,38,1,0,0,0,255,medium,Holstein
6.6,38,1,0,1,0,255,high,Montbeliarde
3.0,40,1,1,1,1,255,low,Normande
9.0,43,1,0,1,1,250,low,Holstein
6.8,40,1,0,1,0,245,medium,Montbeliarde
6.6,45,0,0,0,1,250,medium,Normande
6.5,36,0,0,1,0,255,medium,Holstein
6.6,38,0,0,1,0,255,medium,Charolaise
6.8,45,1,1,1,1,245,high,Normande
6.5,55,1,0,1,0,246,low,Charolaise
6.8,36,0,1,1,0,253,high,Holstein
8.5,70,0,0,0,0,246,low,Montbeliarde
6.8,40,1,0,1,0,245,medium,Jersey
6.6,45,0,1,1,1,250,high,Normande
6.5,36,0,0,1,0,255,medium,Charolaise
4.5,38,0,1,1,1,255,low,Holstein
6.8,45,1,1,1,1,245,high,Jersey
6.5,35,1,0,1,0,246,medium,Normande
6.8,36,0,1,1,0,253,high,Holstein
8.5,70,0,0,0,0,246,low,Jersey
6.6,50,0,0,0,0,255,low,Montbeliarde
6.8,45,1,1,1,0,245,high,Montbeliarde
9.5,34,1,1,0,1,255,low,Charolaise
6.5,37,0,0,0,0,255,medium,Charolaise
9.5,34,1,1,0,1,255,low,Jersey
6.5,37,0,0,0,0,255,medium,Montbeliarde
6.6,37,1,1,1,1,255,high,Normande
5.5,45,1,0,1,1,250,low,Montbeliarde
4.5,60,0,1,1,1,250,low,Jersey
8.1,66,1,0,1,1,255,low,Holstein
6.7,45,1,1,0,0,247,medium,Holstein
6.7,45,1,1,1,0,245,medium,Montbeliarde
5.6,50,0,1,1,1,255,low,Charolaise
6.6,35,0,1,1,1,255,high,Montbeliarde
7.4,90,1,0,1,1,255,low,Montbeliarde
6.8,50,0,0,1,0,255,low,Holstein
6.5,38,1,0,1,0,255,medium,Normande
6.7,38,1,0,1,0,255,high,Normande
3.0,40,1,1,1,1,255,low,Montbeliarde
6.6,43,1,0,1,1,250,high,Montbeliarde
8.6,55,0,1,1,1,255,low,Holstein
6.8,45,0,0,0,1,255,medium,Charolaise
6.8,45,0,1,1,1,255,high,Jersey
6.5,38,1,0,0,0,255,medium,Jersey
6.6,38,1,0,1,0,255,high,Charolaise
3.0,40,1,1,1,1,255,low,Jersey
9.0,43,1,0,1,1,250,low,Jersey
6.8,40,1,0,1,0,245,medium,Normande
6.6,45,0,0,0,1,250,medium,Montbeliarde
6.5,36,0,0,1,0,255,medium,Jersey
6.6,38,0,0,1,0,255,medium,Montbeliarde
6.8,45,1,1,1,1,245,high,Montbeliarde
6.5,55,1,0,1,0,246,low,Normande
6.8,36,0,1,1,0,253,high,Charolaise
8.5,70,0,0,0,0,246,low,Holstein
6.8,40,1,0,1,0,245,medium,Normande
6.6,45,0,1,1,1,250,high,Normande
6.5,36,0,0,1,0,255,medium,Charolaise
4.5,38,0,1,1,1,255,low,Holstein
6.8,45,1,1,1,1,245,high,Normande
6.5,35,1,0,1,0,246,medium,Holstein
6.8,36,0,1,1,0,253,high,Charolaise
8.5,70,0,0,0,0,246,low,Holstein
6.8,34,0,0,0,1,240,medium,Charolaise
6.5,37,0,0,0,0,245,medium,Charolaise
6.6,37,1,0,1,0,255,high,Jersey
6.8,45,0,1,0,0,240,medium,Normande
7.4,65,0,0,0,0,255,low,Holstein
6.8,41,0,0,1,0,255,medium,Charolaise
6.5,38,1,1,1,1,255,high,Charolaise
6.6,38,0,0,0,0,255,medium,Montbeliarde
3.0,40,1,0,0,0,255,low,Charolaise
9.0,43,1,1,1,1,248,low,Montbeliarde
6.8,40,1,1,1,1,255,high,Charolaise
6.6,50,0,0,0,1,250,low,Charolaise
6.5,36,0,0,0,0,247,medium,Holstein
6.6,50,0,0,0,0,255,low,Normande
6.8,45,1,1,1,0,245,high,Charolaise
9.5,34,1,1,0,1,255,low,Charolaise
6.5,37,0,0,0,0,255,medium,Charolaise
9.5,34,1,1,0,1,255,low,Holstein
6.5,37,0,0,0,0,255,medium,Holstein
6.6,37,1,1,1,1,255,high,Holstein
5.5,45,1,0,1,1,250,low,Charolaise
4.5,60,0,1,1,1,250,low,Holstein
8.1,66,1,0,1,1,255,low,Charolaise
6.7,45,1,1,0,0,247,medium,Charolaise
6.7,45,1,1,1,0,245,medium,Holstein
5.6,50,0,1,1,1,255,low,Holstein
6.6,35,0,1,1,1,255,high,Jersey
7.4,90,1,0,1,1,255,low,Holstein
6.8,50,0,0,1,0,255,low,Holstein
6.5,38,1,0,1,0,255,medium,Holstein
6.7,41,1,0,0,0,247,medium,Charolaise
6.7,50,1,1,1,0,245,low,Jersey
6.8,45,0,1,1,1,255,high,Montbeliarde
6.6,45,0,1,0,0,255,medium,Montbeliarde
7.4,65,0,0,0,0,255,low,Charolaise
6.8,41,0,0,0,0,255,medium,Normande
6.5,38,1,1,1,1,255,high,Holstein
6.8,38,0,0,0,0,255,medium,Normande
3.0,40,1,0,0,0,255,low,Jersey
9.0,43,1,1,1,1,248,low,Montbeliarde
6.8,40,1,1,1,1,255,high,Normande
6.6,50,0,0,0,1,250,low,Holstein
6.5,36,0,0,0,0,247,medium,Montbeliarde
6.6,38,0,0,0,0,255,medium,Jersey
6.8,45,1,1,1,0,245,high,Holstein
9.5,34,1,1,0,1,255,low,Normande
6.5,37,0,0,0,0,255,medium,Normande
6.6,37,1,1,1,1,255,high,Charolaise
5.5,45,1,0,1,1,250,low,Charolaise
6.5,40,1,0,0,0,250,medium,Montbeliarde
8.1,66,1,0,1,1,255,low,Holstein
6.7,45,1,1,0,0,247,medium,Charolaise
6.7,38,1,0,1,0,255,high,Holstein
3.0,40,1,1,1,1,255,low,Montbeliarde
6.8,43,1,0,1,0,250,high,Normande
8.6,55,0,1,1,1,255,low,Holstein
6.8,55,0,0,0,1,255,low,Charolaise
6.8,45,0,1,1,1,255,high,Charolaise
6.5,38,1,0,0,0,255,medium,Jersey
4.7,38,1,0,1,0,255,low,Montbeliarde
3.0,40,1,1,1,1,255,low,Charolaise
9.0,43,1,0,1,1,250,low,Holstein
6.8,40,1,0,1,0,245,medium,Charolaise
6.6,45,0,1,1,1,250,high,Montbeliarde
6.5,36,0,0,1,0,255,medium,Jersey
4.5,38,0,1,1,1,255,low,Jersey
6.8,45,1,1,1,1,245,high,Montbeliarde
6.5,50,1,0,1,0,246,low,Montbeliarde
6.8,36,0,1,1,0,253,high,Normande
8.5,70,0,0,0,0,246,low,Montbeliarde
6.8,34,0,0,0,1,240,medium,Montbeliarde
6.5,37,0,0,0,0,245,medium,Jersey
6.6,37,1,0,1,0,255,high,Charolaise
6.8,45,0,1,0,0,240,medium,Charolaise
7.4,65,0,0,0,0,255,low,Holstein
6.8,41,0,0,1,0,255,medium,Montbeliarde
6.5,38,1,1,1,1,255,high,Jersey
6.6,38,0,0,0,0,255,medium,Normande
6.6,40,1,0,1,1,255,high,Jersey
9.0,43,1,1,1,1,248,low,Charolaise
6.5,38,1,0,1,0,255,medium,Charolaise
6.7,38,1,0,1,0,255,high,Montbeliarde
3.0,40,1,1,1,1,255,low,Charolaise
6.6,43,1,0,1,1,250,high,Holstein
6.8,41,0,0,1,0,255,medium,Normande
6.5,38,1,1,1,1,255,high,Normande
6.6,38,0,0,0,0,255,medium,Jersey
3.0,40,1,0,0,0,255,low,Holstein
9.0,43,1,1,1,1,248,low,Charolaise
6.8,40,1,1,1,1,255,high,Normande
6.6,50,0,0,0,1,250,low,Holstein
6.5,36,0,0,0,0,247,medium,Jersey
6.6,50,0,0,0,0,255,low,Holstein
6.8,45,1,1,1,0,245,high,Holstein
9.5,34,1,1,0,1,255,low,Charolaise
6.5,37,0,0,0,0,255,medium,Normande
9.5,34,1,1,0,1,255,low,Normande
6.5,37,0,0,0,0,255,medium,Charolaise
6.6,37,1,1,1,1,255,high,Montbeliarde
5.5,45,1,0,1,1,250,low,Normande
4.5,60,0,1,1,1,250,low,Charolaise
8.1,66,1,0,1,1,255,low,Montbeliarde
6.7,45,1,1,0,0,247,medium,Holstein
6.7,45,1,1,1,0,245,medium,Normande
5.6,50,0,1,1,1,255,low,Charolaise
6.6,35,0,1,1,1,255,high,Normande
7.4,90,1,0,1,1,255,low,Holstein
6.8,50,0,0,1,0,255,low,Jersey
6.5,38,1,0,1,0,255,medium,Charolaise
6.7,41,1,0,0,0,247,medium,Charolaise
6.7,50,1,1,1,0,245,low,Montbeliarde
6.8,45,0,1,1,1,255,high,Normande
6.6,45,0,1,0,0,255,medium,Jersey
7.4,65,0,0,0,0,255,low,Normande
6.8,41,0,0,0,0,255,medium,Normande
6.5,38,1,1,1,1,255,high,Charolaise
6.8,38,0,0,0,0,255,medium,Montbeliarde
3.0,40,1,0,0,0,255,low,Montbeliarde
9.0,43,1,1,1,1,248,low,Charolaise
6.8,40,1,1,1,1,255,high,Charolaise
6.6,50,0,0,0,1,250,low,Jersey
6.5,36,0,0,0,0,247,medium,Holstein
6.6,38,0,0,0,0,255,medium,Charolaise
6.8,45,1,1,1,0,245,high,Charolaise
9.5,34,1,1,0,1,255,low,Charolaise
6.5,37,0,0,0,0,255,medium,Charolaise
6.6,37,1,1,1,1,255,high,Montbeliarde
5.5,45,1,0,1,1,250,low,Montbeliarde
6.5,40,1,0,0,0,250,medium,Normande
8.1,66,1,0,1,1,255,low,Normande
6.7,45,1,1,0,0,247,medium,Montbeliarde
6.7,38,1,0,1,0,255,high,Montbeliarde
3.0,40,1,1,1,1,255,low,Jersey
6.8,43,1,0,1,0,250,high,Holstein
8.6,55,0,1,1,1,255,low,Charolaise
6.8,55,0,0,0,1,255,low,Holstein
6.8,45,0,1,1,1,255,high,Jersey
6.5,38,1,0,0,0,255,medium,Charolaise
4.7,38,1,0,1,0,255,low,Montbeliarde
3.0,40,1,1,1,1,255,low,Montbeliarde
9.0,43,1,0,1,1,250,low,Charolaise
6.8,40,1,0,1,0,245,medium,Charolaise
6.6,45,0,1,1,1,250,high,Holstein
6.5,36,0,0,1,0,255,medium,Jersey
4.5,38,0,1,1,1,255,low,Normande
6.8,45,1,1,1,1,245,high,Holstein
6.5,50,1,0,1,0,246,low,Charolaise
6.8,36,0,1,1,0,253,high,Charolaise
8.5,70,0,0,0,0,246,low,Charolaise
6.8,34,0,0,0,1,240,medium,Holstein
6.5,37,0,0,0,0,245,medium,Holstein
6.6,37,1,0,1,0,255,high,Holstein
6.8,45,0,1,0,0,240,medium,Charolaise
7.4,65,0,0,0,0,255,low,Holstein
6.8,41,0,0,1,0,255,medium,Normande
6.5,38,1,1,1,1,255,high,Montbeliarde
6.6,38,0,0,0,0,255,medium,Charolaise
6.7,38,1,0,1,0,255,high,Charolaise
3.0,40,1,1,1,1,255,low,Montbeliarde
9.0,43,1,0,1,1,250,low,Holstein
8.6,55,0,1,1,1,255,low,Holstein
6.8,45,0,0,0,1,255,medium,Montbeliarde
6.8,45,0,1,1,1,255,high,Montbeliarde
6.5,38,1,0,0,0,255,medium,Montbeliarde
4.7,38,1,0,1,0,255,low,Normande
3.0,40,1,1,1,1,255,low,Charolaise
9.0,43,1,0,1,1,250,low,Montbeliarde
6.8,40,1,0,1,0,245,medium,Montbeliarde
6.5,37,0,0,0,0,255,medium,Montbeliarde
6.6,37,1,1,1,1,255,high,Charolaise
5.5,45,1,0,1,1,250,low,Normande
4.5,60,0,1,1,1,250,low,Holstein
8.1,66,1,0,1,1,255,low,Montbeliarde
6.7,45,1,1,0,0,247,medium,Charolaise
6.7,45,1,1,1,0,245,medium,Normande
5.6,50,0,1,1,1,255,low,Holstein
8.6,55,0,1,1,1,255,low,Montbeliarde
7.4,90,1,0,1,1,255,low,Charolaise
6.8,45,0,0,1,0,255,medium,Normande
6.5,38,1,0,1,0,255,medium,Normande
6.7,38,1,0,1,0,255,high,Jersey
3.0,40,1,1,1,1,255,low,Montbeliarde
9.0,43,1,0,1,1,250,low,Charolaise
8.6,55,0,1,1,1,255,low,Normande
6.8,45,0,0,0,1,255,medium,Charolaise
6.8,45,0,1,1,1,255,high,Normande
6.5,38,1,0,0,0,255,medium,Holstein
4.7,38,1,0,1,0,255,low,Normande
3.0,40,1,1,1,1,255,low,Normande
9.0,43,1,0,1,1,250,low,Jersey
6.8,40,1,0,1,0,245,medium,Holstein
6.6,45,0,1,1,1,250,high,Jersey
6.5,36,0,0,1,0,255,medium,Jersey
4.5,38,0,1,1,1,255,low,Jersey
6.8,45,1,1,1,1,245,high,Holstein
6.5,35,1,0,1,0,246,medium,Holstein
6.8,36,0,1,1,0,253,high,Normande
8.5,70,0,0,0,0,246,low,Charolaise
6.8,34,0,0,0,1,240,medium,Jersey
6.5,37,0,0,0,0,245,medium,Montbeliarde
6.6,37,1,0,1,0,255,high,Charolaise
6.8,45,0,1,0,0,240,medium,Normande
7.4,65,0,0,0,0,255,low,Jersey
6.8,41,0,0,1,0,255,medium,Charolaise
6.5,38,1,1,1,1,255,high,Holstein
6.6,38,0,0,0,0,255,medium,Montbeliarde
3.0,40,1,0,0,0,255,low,Jersey
9.0,43,1,1,1,1,248,low,Normande
6.5,38,1,0,1,0,255,medium,Holstein
6.7,38,1,0,1,0,255,high,Montbeliarde
3.0,40,1,1,1,1,255,low,Normande
6.6,43,1,0,1,1,250,high,Montbeliarde
8.6,55,0,1,1,1,255,low,Charolaise
6.8,45,0,0,0,1,255,medium,Charolaise
6.8,45,0,1,1,1,255,high,Holstein
6.5,38,1,0,0,0,255,medium,Montbeliarde
6.6,38,1,0,1,0,255,high,Charolaise
3.0,40,1,1,1,1,255,low,Jersey
9.0,43,1,0,1,1,250,low,Charolaise
6.8,40,1,0,1,0,245,medium,Montbeliarde
6.6,45,0,0,0,1,250,medium,Montbeliarde
6.5,36,0,0,1,0,255,medium,Holstein
6.8,45,0,1,1,1,255,high,Holstein
6.5,38,1,0,0,0,255,medium,Holstein
4.7,38,1,0,1,0,255,low,Holstein
3.0,40,1,1,1,1,255,low,Holstein
9.0,43,1,0,1,1,250,low,Holstein
6.8,40,1,0,1,0,245,medium,Jersey
6.6,45,0,1,1,1,250,high,Normande
6.5,36,0,0,1,0,255,medium,Jersey
4.5,38,0,1,1,1,255,low,Charolaise
6.8,45,1,1,1,1,245,high,Normande
5.5,45,1,0,1,1,250,low,Montbeliarde
4.5,60,0,1,1,1,250,low,Charolaise
8.1,66,1,0,1,1,255,low,Jersey
6.7,45,1,1,0,0,247,medium,Holstein
6.7,45,1,1,1,0,245,medium,Montbeliarde
5.6,50,0,1,1,1,255,low,Holstein
6.6,35,0,1,1,1,255,high,Jersey
7.4,90,1,0,1,1,255,low,Montbeliarde
6.8,50,0,0,1,0,255,low,Jersey
6.5,38,1,0,1,0,255,medium,Holstein
6.7,41,1,0,0,0,247,medium,Holstein
6.7,50,1,1,1,0,245,low,Charolaise
6.8,45,0,1,1,1,255,high,Jersey
8.6,55,0,1,0,0,255,low,Holstein
7.4,65,0,0,0,0,255,low,Jersey
6.8,41,0,0,0,0,255,medium,Normande
6.5,38,1,1,1,1,255,high,Jersey
6.8,38,0,0,0,0,255,medium,Charolaise
3.0,40,1,0,0,0,255,low,Jersey
9.0,43,1,1,1,1,248,low,Jersey
6.8,40,1,1,1,1,255,high,Montbeliarde
6.6,45,0,0,0,1,250,medium,Montbeliarde
6.5,36,0,0,0,0,247,medium,Holstein
6.6,38,0,0,0,0,255,medium,Montbeliarde
6.8,45,1,1,1,0,245,high,Holstein
9.5,34,1,1,0,1,255,low,Montbeliarde
6.5,37,0,0,0,0,255,medium,Charolaise
6.6,37,1,1,1,1,255,high,Jersey
5.5,45,1,0,1,1,250,low,Montbeliarde
4.5,60,0,1,1,1,250,low,Montbeliarde
8.1,66,1,0,1,1,255,low,Montbeliarde
6.7,45,1,1,0,0,247,medium,Charolaise
6.7,45,1,1,1,0,245,medium,Montbeliarde
5.6,50,0,1,1,1,255,low,Holstein
8.6,55,0,1,1,1,255,low,Montbeliarde
7.4,90,1,0,1,1,255,low,Normande
6.8,45,0,0,1,0,255,medium,Montbeliarde
6.5,38,1,0,1,0,255,medium,Normande
6.7,38,1,0,1,0,255,high,Charolaise
3.0,40,1,1,1,1,255,low,Montbeliarde
9.0,43,1,0,1,1,250,low,Normande
8.6,55,0,1,1,1,255,low,Holstein
6.8,45,0,0,0,1,255,medium,Jersey
6.8,45,0,1,1,1,255,high,Holstein
6.5,38,1,0,0,0,255,medium,Jersey
4.7,38,1,0,1,0,255,low,Jersey
3.0,40,1,1,1,1,255,low,Normande
9.0,43,1,0,1,1,250,low,Holstein
6.8,40,1,0,1,0,245,medium,Charolaise
6.5,37,0,0,0,0,255,medium,Charolaise
6.6,37,1,1,1,1,255,high,Holstein
5.5,45,1,0,1,1,250,low,Charolaise
4.5,60,0,1,1,1,250,low,Charolaise
8.1,66,1,0,1,1,255,low,Charolaise
6.7,45,1,1,0,0,247,medium,Charolaise
6.7,45,1,1,1,0,245,medium,Normande
5.6,50,0,1,1,1,255,low,Montbeliarde
8.6,55,0,1,1,1,255,low,Montbeliarde
7.4,90,1,0,1,1,255,low,Montbeliarde
6.8,45,0,0,1,0,255,medium,Normande
6.5,38,1,0,1,0,255,medium,Charolaise
6.7,38,1,0,1,0,255,high,Normande
3.0,40,1,1,1,1,255,low,Montbeliarde
9.0,43,1,0,1,1,250,low,Montbeliarde
8.6,55,0,1,1,1,255,low,Jersey
6.8,45,0,0,0,1,255,medium,Jersey
6.8,45,0,1,1,1,255,high,Charolaise
6.5,38,1,0,0,0,255,medium,Charolaise
4.7,38,1,0,1,0,255,low,Montbeliarde
3.0,40,1,1,1,1,255,low,Holstein
9.0,43,1,0,1,1,250,low,Holstein
6.8,40,1,0,1,0,245,medium,Normande
6.6,45,0,1,1,1,250,high,Jersey
6.5,36,0,0,1,0,255,medium,Montbeliarde
4.5,38,0,1,1,1,255,low,Montbeliarde
6.8,45,1,1,1,1,245,high,Montbeliarde
6.5,35,1,0,1,0,246,medium,Jersey
6.8,36,0,1,1,0,253,high,Charolaise
8.5,70,0,0,0,0,246,low,Jersey
6.8,34,0,0,0,1,240,medium,Normande
6.5,37,0,0,0,0,245,medium,Holstein
6.6,37,1,0,1,0,255,high,Charolaise
6.8,45,0,1,0,0,240,medium,Holstein
7.4,65,0,0,0,0,255,low,Jersey
6.8,41,0,0,1,0,255,medium,Jersey
6.5,38,1,1,1,1,255,high,Holstein
6.6,38,0,0,0,0,255,medium,Charolaise
3.0,40,1,0,0,0,255,low,Jersey
9.0,43,1,1,1,1,248,low,Normande
6.5,38,1,0,1,0,255,medium,Normande
6.7,38,1,0,1,0,255,high,Montbeliarde
6.6,40,0,0,0,0,255,medium,Jersey
6.6,43,1,0,1,1,250,high,Charolaise
8.6,55,0,1,1,1,255,low,Jersey
6.8,45,0,0,0,1,255,medium,Jersey
6.8,45,0,1,1,1,255,high,Holstein
6.5,38,1,0,0,0,255,medium,Montbeliarde
6.6,38,1,0,1,0,255,high,Normande
3.0,40,1,1,1,1,255,low,Jersey
9.0,43,1,0,1,1,250,low,Montbeliarde
6.8,40,1,0,1,0,245,medium,Normande
6.6,45,0,1,1,1,250,high,Normande
6.5,36,0,0,1,0,255,medium,Jersey
6.8,45,0,1,1,1,255,high,Charolaise
6.5,38,1,0,0,0,255,medium,Jersey
4.7,38,1,0,1,0,255,low,Jersey
3.0,40,1,1,1,1,255,low,Normande
9.0,43,1,0,1,1,250,low,Holstein
6.8,40,1,0,1,0,245,medium,Holstein
6.6,45,0,1,1,1,250,high,Holstein
6.5,36,0,0,1,0,255,medium,Montbeliarde
4.5,38,0,1,1,1,255,low,Holstein
6.8,45,1,1,1,1,245,high,Jersey
6.5,35,1,0,1,0,246,medium,Montbeliarde
6.8,36,0,1,1,0,253,high,Jersey
8.5,70,0,0,0,0,246,low,Holstein
6.8,34,0,0,0,1,240,medium,Holstein
6.5,37,0,1,1,1,245,low,Holstein
6.6,37,1,0,1,0,255,high,Holstein
6.8,45,0,1,0,0,240,medium,Charolaise
7.4,65,0,0,0,0,255,low,Holstein
6.8,41,0,0,1,0,255,medium,Charolaise
6.5,38,1,1,1,1,255,high,Jersey
6.6,38,0,0,0,0,255,medium,Normande
3.0,40,1,0,0,0,255,low,Montbeliarde
9.0,43,1,1,1,1,248,low,Normande
6.8,40,1,1,1,1,255,high,Jersey
6.6,50,0,0,0,1,250,low,Montbeliarde
6.5,36,0,0,0,0,247,medium,Montbeliarde
6.6,50,0,0,0,0,255,low,Montbeliarde
6.8,45,1,1,1,0,245,high,Charolaise
6.6,40,1,0,0,0,255,medium,Charolaise
9.0,43,1,1,1,1,248,low,Montbeliarde
6.8,40,1,1,1,1,255,high,Montbeliarde
6.6,50,0,0,0,1,250,low,Jersey
6.5,36,0,0,0,0,247,medium,Charolaise
6.6,38,0,0,0,0,255,medium,Normande
6.8,45,1,1,1,0,245,high,Normande
9.5,34,1,1,0,1,255,low,Jersey
6.5,37,0,0,0,0,255,medium,Normande
6.6,37,1,1,1,1,255,high,Montbeliarde
5.5,45,1,0,1,1,250,low,Charolaise
6.5,40,1,0,0,0,250,medium,Charolaise
8.1,66,1,0,1,1,255,low,Montbeliarde
6.7,45,1,1,0,0,247,medium,Holstein
6.7,38,1,0,1,0,255,high,Holstein
3.0,40,1,1,1,1,255,low,Holstein
6.8,43,1,0,1,0,250,high,Montbeliarde
8.6,55,0,1,1,1,255,low,Normande
6.8,55,0,0,0,1,255,low,Holstein
6.8,45,0,1,1,1,255,high,Jersey
6.5,38,1,0,0,0,255,medium,Jersey
4.7,38,1,0,1,0,255,low,Montbeliarde
6.6,40,1,1,1,1,255,high,Jersey
9.0,43,1,0,1,1,250,low,Montbeliarde
6.8,40,1,0,1,0,245,medium,Charolaise
6.6,45,0,1,1,1,250,high,Normande
6.5,36,0,0,1,0,255,medium,Normande
4.5,38,0,1,1,1,255,low,Holstein
6.8,45,1,1,1,1,245,high,Holstein
6.5,50,1,0,1,0,246,low,Holstein
6.6,37,1,0,1,0,255,high,Holstein
6.8,45,0,1,0,0,240,medium,Jersey
7.4,65,0,0,0,0,255,low,Normande
6.8,41,0,0,1,0,255,medium,Montbeliarde
6.5,38,1,1,1,1,255,high,Montbeliarde
6.6,38,0,0,0,0,255,medium,Normande
6.7,38,1,0,1,0,255,high,Charolaise
3.0,40,1,1,1,1,255,low,Charolaise
6.6,43,0,0,1,0,250,medium,Charolaise
8.6,55,0,1,1,1,255,low,Normande
6.8,45,0,0,0,1,255,medium,Jersey
6.8,45,0,1,1,1,255,high,Jersey
6.5,38,1,0,0,0,255,medium,Normande
4.7,38,1,0,1,0,255,low,Montbeliarde
3.0,40,1,1,1,1,255,low,Jersey
9.0,43,1,0,1,1,250,low,Jersey
6.8,40,1,0,1,0,245,medium,Charolaise
6.5,37,0,0,0,0,255,medium,Normande
6.6,37,1,1,1,1,255,high,Normande
5.5,45,1,0,1,1,250,low,Jersey
6.5,40,0,0,1,0,250,medium,Normande
8.1,66,1,0,1,1,255,low,Montbeliarde
6.7,45,1,1,0,0,247,medium,Charolaise
6.7,45,1,1,1,0,245,medium,Charolaise
5.6,50,0,1,1,1,255,low,Jersey
8.6,55,0,1,1,1,255,low,Normande
6.7,41,1,0,0,0,247,medium,Holstein
6.7,50,1,1,1,0,245,low,Normande
6.8,45,0,1,1,1,255,high,Montbeliarde
8.6,55,0,1,0,0,255,low,Normande
7.4,65,0,0,0,0,255,low,Normande
6.8,41,0,0,0,0,255,medium,Montbeliarde
6.5,38,1,1,1,1,255,high,Montbeliarde
6.8,38,0,0,0,0,255,medium,Charolaise
3.0,40,1,0,0,0,255,low,Normande
9.0,43,1,1,1,1,248,low,Normande
6.8,40,1,1,1,1,255,high,Montbeliarde
6.6,45,0,0,0,1,250,medium,Normande
6.5,36,0,0,0,0,247,medium,Jersey
6.6,38,0,1,1,1,255,high,Charolaise
6.8,45,1,1,1,0,245,high,Charolaise
9.5,34,1,1,0,1,255,low,Normande
6.5,37,0,0,0,0,255,medium,Jersey
6.6,37,1,1,1,1,255,high,Jersey
5.5,45,1,0,1,1,250,low,Charolaise
4.5,60,0,1,1,1,250,low,Normande
8.1,66,1,0,1,1,255,low,Charolaise
6.7,45,1,1,0,0,247,medium,Holstein
6.7,45,1,1,1,0,245,medium,Normande
5.6,50,0,1,1,1,255,low,Jersey
8.6,55,0,1,1,1,255,low,Normande
6.6,45,1,0,0,1,255,medium,Montbeliarde
9.0,43,1,0,1,1,250,low,Normande
6.8,40,1,0,1,0,245,medium,Jersey
6.6,45,0,1,1,1,250,high,Montbeliarde
6.5,36,0,0,1,0,255,medium,Holstein
4.5,38,0,1,1,1,255,low,Montbeliarde
6.8,45,1,1,1,1,245,high,Jersey
6.5,35,1,0,1,0,246,medium,Holstein
6.8,36,0,1,1,0,253,high,Normande
8.5,70,0,0,0,0,246,low,Holstein
6.8,34,0,0,0,1,240,medium,Holstein
6.5,37,0,0,0,0,245,medium,Montbeliarde
6.6,37,1,0,1,0,255,high,Holstein
6.8,45,0,1,0,0,240,medium,Jersey
7.4,65,0,0,0,0,255,low,Jersey
6.8,41,1,1,1,0,255,high,Jersey
6.5,38,1,1,1,1,255,high,Charolaise
6.6,38,0,0,0,0,255,medium,Jersey
3.0,40,1,0,0,0,255,low,Holstein
9.0,43,1,1,1,1,248,low,Jersey
6.5,38,1,0,1,0,255,medium,Normande
6.7,38,1,0,1,0,255,high,Montbeliarde
3.0,40,1,1,1,1,255,low,Jersey
6.6,43,1,0,1,1,250,high,Montbeliarde
8.6,55,0,1,1,1,255,low,Montbeliarde
6.5,40,1,0,0,0,250,medium,Charolaise
8.1,66,1,0,1,1,255,low,Normande
6.7,45,1,1,0,0,247,medium,Holstein
6.7,38,1,0,1,0,255,high,Normande
3.0,40,1,1,1,1,255,low,Montbeliarde
6.8,43,1,0,1,0,250,high,Holstein
8.6,55,0,1,1,1,255,low,Normande
6.8,55,0,0,0,1,255,low,Holstein
6.8,45,0,1,1,1,255,high,Normande
6.5,38,1,0,0,0,255,medium,Holstein
4.7,38,1,0,1,0,255,low,Jersey
3.0,40,1,1,1,1,255,low,Montbeliarde
9.0,43,1,0,1,1,250,low,Montbeliarde
6.8,40,1,0,1,0,245,medium,Holstein
6.6,45,0,1,1,1,250,high,Normande
6.5,36,0,0,1,0,255,medium,Montbeliarde
4.5,38,0,1,1,1,255,low,Montbeliarde
6.8,45,1,1,1,1,245,high,Jersey
6.5,45,1,0,0,0,246,medium,Holstein
6.8,36,0,1,1,0,253,high,Normande
8.5,70,0,0,0,0,246,low,Montbeliarde
6.8,34,0,0,0,1,240,medium,Holstein
6.5,37,0,0,0,0,245,medium,Charolaise
6.6,37,1,0,1,0,255,high,Montbeliarde
6.8,45,0,1,0,0,240,medium,Normande
7.4,65,0,0,0,0,255,low,Charolaise
6.8,41,0,0,1,0,255,medium,Normande
6.5,38,1,1,1,1,255,high,Montbeliarde
6.6,38,0,0,0,0,255,medium,Holstein
6.7,38,1,0,1,0,255,high,Jersey
3.0,40,1,1,1,1,255,low,Charolaise
6.6,43,0,0,0,1,250,medium,Montbeliarde
8.6,55,0,1,1,1,255,low,Charolaise
6.8,45,0,0,0,1,255,medium,Jersey
6.8,45,0,1,1,1,255,high,Charolaise
6.5,38,1,0,0,0,255,medium,Jersey
4.7,38,1,0,1,0,255,low,Jersey
3.0,40,1,1,1,1,255,low,Holstein
9.0,43,1,0,1,1,250,low,Montbeliarde
6.8,40,1,0,1,0,245,medium,Montbeliarde
6.5,37,0,0,0,0,255,medium,Montbeliarde
3.0,40,1,1,1,1,255,low,Normande
9.0,43,1,0,1,1,250,low,Normande
6.8,40,1,0,1,0,245,medium,Jersey
6.6,45,0,1,1,1,250,high,Charolaise
6.5,36,0,0,1,0,255,medium,Charolaise
6.8,45,0,1,1,1,255,high,Normande
6.5,38,1,0,0,0,255,medium,Normande
4.7,38,1,0,1,0,255,low,Holstein
3.0,40,1,1,1,1,255,low,Jersey
9.0,43,1,0,1,1,250,low,Jersey
6.8,40,1,0,1,0,245,medium,Normande
6.6,45,0,1,1,1,250,high,Charolaise
6.5,36,0,0,1,0,255,medium,Montbeliarde
4.5,38,0,1,1,1,255,low,Charolaise
6.8,45,1,1,1,1,245,high,Normande
6.5,35,1,0,1,0,246,medium,Charolaise
6.8,36,0,1,1,0,253,high,Montbeliarde
8.5,70,0,0,0,0,246,low,Holstein
6.8,34,0,0,0,1,240,medium,Charolaise
6.5,37,0,1,1,1,245,low,Normande
6.6,37,1,0,1,0,255,high,Holstein
6.8,45,0,1,0,0,240,medium,Normande
7.4,65,0,0,0,0,255,low,Charolaise
6.8,41,0,0,1,0,255,medium,Jersey
6.5,38,1,1,1,1,255,high,Normande
6.6,38,0,0,0,0,255,medium,Normande
3.0,40,1,0,0,0,255,low,Normande
9.0,43,1,1,1,1,248,low,Normande
6.8,40,1,1,1,1,255,high,Montbeliarde
6.6,50,0,0,0,1,250,low,Normande
6.5,36,0,0,0,0,247,medium,Montbeliarde
6.6,50,0,0,0,0,255,low,Holstein
6.8,45,1,1,1,0,245,high,Montbeliarde
6.6,40,1,0,0,0,255,medium,Charolaise
9.0,43,1,1,1,1,248,low,Charolaise
6.8,40,1,1,1,1,255,high,Holstein
6.6,50,0,0,0,1,250,low,Normande
6.5,36,0,0,0,0,247,medium,Montbeliarde
6.6,38,0,0,0,0,255,medium,Holstein
6.8,45,1,1,1,0,245,high,Montbeliarde
9.5,34,1,1,0,1,255,low,Charolaise
6.5,37,0,0,0,0,255,medium,Montbeliarde
6.6,37,1,1,1,1,255,high,Charolaise
5.5,45,1,0,1,1,250,low,Jersey
6.5,40,1,0,0,0,250,medium,Montbeliarde
8.1,66,1,0,1,1,255,low,Charolaise
6.7,45,1,1,0,0,247,medium,Normande
6.7,38,1,0,1,0,255,high,Jersey
3.0,40,1,1,1,1,255,low,Holstein
6.8,43,1,0,1,0,250,high,Montbeliarde
8.6,55,0,1,1,1,255,low,Montbeliarde
